INSERT INTO auth_user_comp (id) VALUES ('112f8df3-537c-4905-9427-ba859b0109e4') ON CONFLICT DO NOTHING;
INSERT INTO auth_user_comp (id) VALUES ('48d116e9-a32c-481a-b243-02d78813373c') ON CONFLICT DO NOTHING;
INSERT INTO auth_user_comp (id) VALUES ('85eef0ed-74c0-4e87-b1b7-32416c0e3f26') ON CONFLICT DO NOTHING;
INSERT INTO auth_user_comp (id) VALUES ('6c65247d-99c8-4066-91e5-6eb3b3e75018') ON CONFLICT DO NOTHING;
INSERT INTO auth_user_comp (id) VALUES ('828f6f2c-38bc-4e30-8743-bce207f79b28') ON CONFLICT DO NOTHING;
INSERT INTO auth_user_comp (id) VALUES ('2a0859e2-e73f-4ebe-85c0-6a39d231bbbb') ON CONFLICT DO NOTHING;
INSERT INTO auth_user_comp (id) VALUES ('87bf5ecb-155e-4fe5-88f4-4eac48549c63') ON CONFLICT DO NOTHING;
INSERT INTO auth_user_comp (id) VALUES ('eb71e1a1-36d1-49da-b514-ffa852281483') ON CONFLICT DO NOTHING;
INSERT INTO auth_user_comp (id) VALUES ('b097505f-be60-414b-83a8-cf4f44bc30ed') ON CONFLICT DO NOTHING;
INSERT INTO auth_user_comp (id) VALUES ('998546ca-8185-4460-b38d-8d9b63199b9d') ON CONFLICT DO NOTHING;
INSERT INTO auth_user_comp (id) VALUES ('5d03a1cb-b52b-4462-aab8-de7ba2114cb3') ON CONFLICT DO NOTHING;
INSERT INTO auth_user_comp (id) VALUES ('ca798ff5-0ed1-4f0a-a3aa-602c38112548') ON CONFLICT DO NOTHING;
INSERT INTO auth_user_comp (id) VALUES ('9d45f57d-5fea-44cb-bae7-b607e29b87f3') ON CONFLICT DO NOTHING;
INSERT INTO auth_user_comp (id) VALUES ('dea9ff33-6dd2-4c0a-b113-a90ee32a01ca') ON CONFLICT DO NOTHING;
INSERT INTO auth_user_comp (id) VALUES ('3e1a7a61-4cc4-4d29-bb98-4c129f46d983') ON CONFLICT DO NOTHING;
INSERT INTO auth_user_comp (id) VALUES ('f8a79c6a-d9ef-44f8-b327-2d223c2c32da') ON CONFLICT DO NOTHING;
INSERT INTO auth_user_comp (id) VALUES ('d52b3d7c-c153-487f-88e6-6da85b1dcb76') ON CONFLICT DO NOTHING;
INSERT INTO auth_user_comp (id) VALUES ('2b7b2f6e-77d7-45b7-a965-2b1715d75cc8') ON CONFLICT DO NOTHING;

INSERT INTO auth_user_impl (id,allowedPermissions,name,email) VALUES ('112f8df3-537c-4905-9427-ba859b0109e4','administrator','Ichlasul Affan','ichlaffterlalu@gmail.com') ON CONFLICT DO NOTHING;
INSERT INTO auth_user_impl (id,allowedPermissions,name,email) VALUES ('48d116e9-a32c-481a-b243-02d78813373c','','Ichlasul Affan (Dummy)','ichlasul.affan@gmail.com') ON CONFLICT DO NOTHING;
INSERT INTO auth_user_impl (id,allowedPermissions,name,email) VALUES ('85eef0ed-74c0-4e87-b1b7-32416c0e3f26','','Falah Prasetyo Waluyo','falah.prasetyo01@ui.ac.id') ON CONFLICT DO NOTHING;
INSERT INTO auth_user_impl (id,allowedPermissions,name,email) VALUES ('6c65247d-99c8-4066-91e5-6eb3b3e75018','','Samuel Tupa Febrian','samuel.febrian@gmail.com') ON CONFLICT DO NOTHING;
INSERT INTO auth_user_impl (id,allowedPermissions,name,email) VALUES ('828f6f2c-38bc-4e30-8743-bce207f79b28','','Christopher Samuel','christopher.samuel@ui.ac.id') ON CONFLICT DO NOTHING;
INSERT INTO auth_user_impl (id,allowedPermissions,name,email) VALUES ('2a0859e2-e73f-4ebe-85c0-6a39d231bbbb','','Maya','maya.retno21@gmail.com') ON CONFLICT DO NOTHING;
INSERT INTO auth_user_impl (id,allowedPermissions,name,email) VALUES ('87bf5ecb-155e-4fe5-88f4-4eac48549c63','','Adamy','adamy.rayeuk@gmail.com') ON CONFLICT DO NOTHING;
INSERT INTO auth_user_impl (id,allowedPermissions,name,email) VALUES ('eb71e1a1-36d1-49da-b514-ffa852281483','administrator','Tolhas','tolhas.parulian@ui.ac.id') ON CONFLICT DO NOTHING;
INSERT INTO auth_user_impl (id,allowedPermissions,name,email) VALUES ('b097505f-be60-414b-83a8-cf4f44bc30ed','','admin','admin@user.com') ON CONFLICT DO NOTHING;
INSERT INTO auth_user_impl (id,allowedPermissions,name,email) VALUES ('998546ca-8185-4460-b38d-8d9b63199b9d','','registered','registered@user.com') ON CONFLICT DO NOTHING;
INSERT INTO auth_user_impl (id,allowedPermissions,name,email) VALUES ('5d03a1cb-b52b-4462-aab8-de7ba2114cb3','','keuangan','keuangan@user.com') ON CONFLICT DO NOTHING;
INSERT INTO auth_user_impl (id,allowedPermissions,name,email) VALUES ('ca798ff5-0ed1-4f0a-a3aa-602c38112548','','humas','humas@user.com') ON CONFLICT DO NOTHING;
INSERT INTO auth_user_impl (id,allowedPermissions,name,email) VALUES ('9d45f57d-5fea-44cb-bae7-b607e29b87f3','','fundraising','fundraising@user.com') ON CONFLICT DO NOTHING;
INSERT INTO auth_user_impl (id,allowedPermissions,name,email) VALUES ('dea9ff33-6dd2-4c0a-b113-a90ee32a01ca','','manajer','manajer@user.com') ON CONFLICT DO NOTHING;
INSERT INTO auth_user_impl (id,allowedPermissions,name,email) VALUES ('3e1a7a61-4cc4-4d29-bb98-4c129f46d983','','bendahara','bendahara@user.com') ON CONFLICT DO NOTHING;
INSERT INTO auth_user_impl (id,allowedPermissions,name,email) VALUES ('f8a79c6a-d9ef-44f8-b327-2d223c2c32da','','pembina','pembina@user.com') ON CONFLICT DO NOTHING;
INSERT INTO auth_user_impl (id,allowedPermissions,name,email) VALUES ('d52b3d7c-c153-487f-88e6-6da85b1dcb76','','pengurus umum','pengurusumum@user.com') ON CONFLICT DO NOTHING;
INSERT INTO auth_user_impl (id,allowedPermissions,name,email) VALUES ('2b7b2f6e-77d7-45b7-a965-2b1715d75cc8','','donatur','donatur@user.com') ON CONFLICT DO NOTHING;

INSERT INTO auth_user_passworded (id,password,user_id) VALUES ('112f8df3-537c-4905-9427-ba859b0109e4','349cbccafc082902f6d88098da92b998129d98c079996b96f305705ffddc67baa935e07353a00b6068e6b0f8e1245ee8d499c80ece5232ad938825cb292bce3b','112f8df3-537c-4905-9427-ba859b0109e4') ON CONFLICT DO NOTHING;
INSERT INTO auth_user_passworded (id,password,user_id) VALUES ('48d116e9-a32c-481a-b243-02d78813373c','349cbccafc082902f6d88098da92b998129d98c079996b96f305705ffddc67baa935e07353a00b6068e6b0f8e1245ee8d499c80ece5232ad938825cb292bce3b','48d116e9-a32c-481a-b243-02d78813373c') ON CONFLICT DO NOTHING;
INSERT INTO auth_user_passworded (id,password,user_id) VALUES ('85eef0ed-74c0-4e87-b1b7-32416c0e3f26','349cbccafc082902f6d88098da92b998129d98c079996b96f305705ffddc67baa935e07353a00b6068e6b0f8e1245ee8d499c80ece5232ad938825cb292bce3b','85eef0ed-74c0-4e87-b1b7-32416c0e3f26') ON CONFLICT DO NOTHING;
INSERT INTO auth_user_passworded (id,password,user_id) VALUES ('6c65247d-99c8-4066-91e5-6eb3b3e75018','349cbccafc082902f6d88098da92b998129d98c079996b96f305705ffddc67baa935e07353a00b6068e6b0f8e1245ee8d499c80ece5232ad938825cb292bce3b','6c65247d-99c8-4066-91e5-6eb3b3e75018') ON CONFLICT DO NOTHING;
INSERT INTO auth_user_passworded (id,password,user_id) VALUES ('828f6f2c-38bc-4e30-8743-bce207f79b28','349cbccafc082902f6d88098da92b998129d98c079996b96f305705ffddc67baa935e07353a00b6068e6b0f8e1245ee8d499c80ece5232ad938825cb292bce3b','828f6f2c-38bc-4e30-8743-bce207f79b28') ON CONFLICT DO NOTHING;
INSERT INTO auth_user_passworded (id,password,user_id) VALUES ('2a0859e2-e73f-4ebe-85c0-6a39d231bbbb','349cbccafc082902f6d88098da92b998129d98c079996b96f305705ffddc67baa935e07353a00b6068e6b0f8e1245ee8d499c80ece5232ad938825cb292bce3b','2a0859e2-e73f-4ebe-85c0-6a39d231bbbb') ON CONFLICT DO NOTHING;
INSERT INTO auth_user_passworded (id,password,user_id) VALUES ('87bf5ecb-155e-4fe5-88f4-4eac48549c63','349cbccafc082902f6d88098da92b998129d98c079996b96f305705ffddc67baa935e07353a00b6068e6b0f8e1245ee8d499c80ece5232ad938825cb292bce3b','87bf5ecb-155e-4fe5-88f4-4eac48549c63') ON CONFLICT DO NOTHING;
INSERT INTO auth_user_passworded (id,password,user_id) VALUES ('eb71e1a1-36d1-49da-b514-ffa852281483','349cbccafc082902f6d88098da92b998129d98c079996b96f305705ffddc67baa935e07353a00b6068e6b0f8e1245ee8d499c80ece5232ad938825cb292bce3b','eb71e1a1-36d1-49da-b514-ffa852281483') ON CONFLICT DO NOTHING;
INSERT INTO auth_user_passworded (id,password,user_id) VALUES ('b097505f-be60-414b-83a8-cf4f44bc30ed','349cbccafc082902f6d88098da92b998129d98c079996b96f305705ffddc67baa935e07353a00b6068e6b0f8e1245ee8d499c80ece5232ad938825cb292bce3b','b097505f-be60-414b-83a8-cf4f44bc30ed') ON CONFLICT DO NOTHING;
INSERT INTO auth_user_passworded (id,password,user_id) VALUES ('998546ca-8185-4460-b38d-8d9b63199b9d','349cbccafc082902f6d88098da92b998129d98c079996b96f305705ffddc67baa935e07353a00b6068e6b0f8e1245ee8d499c80ece5232ad938825cb292bce3b','998546ca-8185-4460-b38d-8d9b63199b9d') ON CONFLICT DO NOTHING;
INSERT INTO auth_user_passworded (id,password,user_id) VALUES ('5d03a1cb-b52b-4462-aab8-de7ba2114cb3','349cbccafc082902f6d88098da92b998129d98c079996b96f305705ffddc67baa935e07353a00b6068e6b0f8e1245ee8d499c80ece5232ad938825cb292bce3b','5d03a1cb-b52b-4462-aab8-de7ba2114cb3') ON CONFLICT DO NOTHING;
INSERT INTO auth_user_passworded (id,password,user_id) VALUES ('ca798ff5-0ed1-4f0a-a3aa-602c38112548','349cbccafc082902f6d88098da92b998129d98c079996b96f305705ffddc67baa935e07353a00b6068e6b0f8e1245ee8d499c80ece5232ad938825cb292bce3b','ca798ff5-0ed1-4f0a-a3aa-602c38112548') ON CONFLICT DO NOTHING;
INSERT INTO auth_user_passworded (id,password,user_id) VALUES ('9d45f57d-5fea-44cb-bae7-b607e29b87f3','349cbccafc082902f6d88098da92b998129d98c079996b96f305705ffddc67baa935e07353a00b6068e6b0f8e1245ee8d499c80ece5232ad938825cb292bce3b','9d45f57d-5fea-44cb-bae7-b607e29b87f3') ON CONFLICT DO NOTHING;
INSERT INTO auth_user_passworded (id,password,user_id) VALUES ('dea9ff33-6dd2-4c0a-b113-a90ee32a01ca','349cbccafc082902f6d88098da92b998129d98c079996b96f305705ffddc67baa935e07353a00b6068e6b0f8e1245ee8d499c80ece5232ad938825cb292bce3b','dea9ff33-6dd2-4c0a-b113-a90ee32a01ca') ON CONFLICT DO NOTHING;
INSERT INTO auth_user_passworded (id,password,user_id) VALUES ('3e1a7a61-4cc4-4d29-bb98-4c129f46d983','349cbccafc082902f6d88098da92b998129d98c079996b96f305705ffddc67baa935e07353a00b6068e6b0f8e1245ee8d499c80ece5232ad938825cb292bce3b','3e1a7a61-4cc4-4d29-bb98-4c129f46d983') ON CONFLICT DO NOTHING;
INSERT INTO auth_user_passworded (id,password,user_id) VALUES ('f8a79c6a-d9ef-44f8-b327-2d223c2c32da','349cbccafc082902f6d88098da92b998129d98c079996b96f305705ffddc67baa935e07353a00b6068e6b0f8e1245ee8d499c80ece5232ad938825cb292bce3b','f8a79c6a-d9ef-44f8-b327-2d223c2c32da') ON CONFLICT DO NOTHING;
INSERT INTO auth_user_passworded (id,password,user_id) VALUES ('d52b3d7c-c153-487f-88e6-6da85b1dcb76','349cbccafc082902f6d88098da92b998129d98c079996b96f305705ffddc67baa935e07353a00b6068e6b0f8e1245ee8d499c80ece5232ad938825cb292bce3b','d52b3d7c-c153-487f-88e6-6da85b1dcb76') ON CONFLICT DO NOTHING;
INSERT INTO auth_user_passworded (id,password,user_id) VALUES ('2b7b2f6e-77d7-45b7-a965-2b1715d75cc8','349cbccafc082902f6d88098da92b998129d98c079996b96f305705ffddc67baa935e07353a00b6068e6b0f8e1245ee8d499c80ece5232ad938825cb292bce3b','2b7b2f6e-77d7-45b7-a965-2b1715d75cc8') ON CONFLICT DO NOTHING;

INSERT INTO auth_role_comp (id) VALUES ('75f6727e-66f8-484f-b77f-83eeec82cd10') ON CONFLICT DO NOTHING;
INSERT INTO auth_role_comp (id) VALUES ('cbf05ba1-3e06-4f68-8aa2-1d3ef1533150') ON CONFLICT DO NOTHING;
INSERT INTO auth_role_comp (id) VALUES ('34b4fdcb-fb33-4f44-b48f-b1c135395def') ON CONFLICT DO NOTHING;
INSERT INTO auth_role_comp (id) VALUES ('a5e403e9-18a5-4079-8fc6-38613ae86080') ON CONFLICT DO NOTHING;
INSERT INTO auth_role_comp (id) VALUES ('98272338-2822-420d-8c06-cff0d411d776') ON CONFLICT DO NOTHING;
INSERT INTO auth_role_comp (id) VALUES ('6723f08f-fa65-457a-9734-68d70cce58eb') ON CONFLICT DO NOTHING;
INSERT INTO auth_role_comp (id) VALUES ('d41c0e7f-8823-4bfb-a03b-c4b981b50c68') ON CONFLICT DO NOTHING;
INSERT INTO auth_role_comp (id) VALUES ('79e8455b-4e59-4f32-83ee-4782e52e3b55') ON CONFLICT DO NOTHING;
INSERT INTO auth_role_comp (id) VALUES ('b5c6b12c-53c2-4901-a382-1b78d8f8a4f7') ON CONFLICT DO NOTHING;
INSERT INTO auth_role_comp (id) VALUES ('21d18c7d-64c7-47ee-878f-376967db1b8b') ON CONFLICT DO NOTHING;

INSERT INTO auth_role_impl (id,name,allowedPermissions) VALUES ('75f6727e-66f8-484f-b77f-83eeec82cd10','Administrator','administrator') ON CONFLICT DO NOTHING;
INSERT INTO auth_role_impl (id,name,allowedPermissions) VALUES ('cbf05ba1-3e06-4f68-8aa2-1d3ef1533150','Registered','') ON CONFLICT DO NOTHING;
INSERT INTO auth_role_impl (id,name,allowedPermissions) VALUES ('34b4fdcb-fb33-4f44-b48f-b1c135395def','Keuangan','CreateIncome,UpdateIncome,DeleteIncome,CreateExpense,UpdateExpense,DeleteExpense,CreateFinancialReport,UpdateFinancialReport,DeleteFinancialReport') ON CONFLICT DO NOTHING;
INSERT INTO auth_role_impl (id,name,allowedPermissions) VALUES ('a5e403e9-18a5-4079-8fc6-38613ae86080','Humas','CreateProgram,UpdateProgram,DeleteProgram,CreateOperational,UpdateOperational,DeleteOperational,CreateGoodsProgram,UpdateGoodsProgram,DeleteGoodsProgram') ON CONFLICT DO NOTHING;
INSERT INTO auth_role_impl (id,name,allowedPermissions) VALUES ('98272338-2822-420d-8c06-cff0d411d776','Fundraising','ReadCOD,CreateCOD,UpdateCOD,DeleteCOD,ReadGoodsDonation,UpdateGoodsDonation') ON CONFLICT DO NOTHING;
INSERT INTO auth_role_impl (id,name,allowedPermissions) VALUES ('6723f08f-fa65-457a-9734-68d70cce58eb','Manajer','CreateIncome,UpdateIncome,DeleteIncome,CreateExpense,UpdateExpense,DeleteExpense,CreateFinancialReport,UpdateFinancialReport,DeleteFinancialReport,CreateArusKas,UpdateArusKas,DeleteArusKas,CreateProgram,UpdateProgram,DeleteProgram,CreateOperational,UpdateOperational,DeleteOperational,ReadCOD,CreateCOD,UpdateCOD,DeleteCOD,CreateGoodsProgram,UpdateGoodsProgram,DeleteGoodsProgram,ReadGoodsDonation,UpdateGoodsDonation') ON CONFLICT DO NOTHING;
INSERT INTO auth_role_impl (id,name,allowedPermissions) VALUES ('d41c0e7f-8823-4bfb-a03b-c4b981b50c68','Bendahara','CreateIncome,UpdateIncome,DeleteIncome,CreateExpense,UpdateExpense,DeleteExpense,CreateFinancialReport,UpdateFinancialReport,DeleteFinancialReport,ReadCOD,CreateCOD,UpdateCOD,DeleteCOD,ReadGoodsDonation,UpdateGoodsDonation') ON CONFLICT DO NOTHING;
INSERT INTO auth_role_impl (id,name,allowedPermissions) VALUES ('79e8455b-4e59-4f32-83ee-4782e52e3b55','Pembina dan Pengawas','ReadCOD,ReadGoodsDonation') ON CONFLICT DO NOTHING;
INSERT INTO auth_role_impl (id,name,allowedPermissions) VALUES ('b5c6b12c-53c2-4901-a382-1b78d8f8a4f7','Pengurus Umum','') ON CONFLICT DO NOTHING;
INSERT INTO auth_role_impl (id,name,allowedPermissions) VALUES ('21d18c7d-64c7-47ee-878f-376967db1b8b','Donatur','ReadCOD,ReadGoodsDonation') ON CONFLICT DO NOTHING;

INSERT INTO auth_user_role_comp (id) VALUES ('e4d7da71-960b-4779-8f73-7202aff6105f') ON CONFLICT DO NOTHING;
INSERT INTO auth_user_role_comp (id) VALUES ('5edc3f60-92d2-4722-8534-57ec388da23a') ON CONFLICT DO NOTHING;
INSERT INTO auth_user_role_comp (id) VALUES ('925fe0be-78e7-471e-8fd6-9fa129e2555b') ON CONFLICT DO NOTHING;
INSERT INTO auth_user_role_comp (id) VALUES ('4b9a6e71-14fb-49de-91db-92f3ba776d6c') ON CONFLICT DO NOTHING;
INSERT INTO auth_user_role_comp (id) VALUES ('7942319f-57c9-4f07-a897-a14f06897734') ON CONFLICT DO NOTHING;
INSERT INTO auth_user_role_comp (id) VALUES ('baeea95e-549a-4148-b7cf-27748b9cacfb') ON CONFLICT DO NOTHING;
INSERT INTO auth_user_role_comp (id) VALUES ('ff00b0b0-9251-4c17-aa3a-3f465dbd4c55') ON CONFLICT DO NOTHING;
INSERT INTO auth_user_role_comp (id) VALUES ('5a69e6a5-80c3-4242-b0a0-400dee961868') ON CONFLICT DO NOTHING;
INSERT INTO auth_user_role_comp (id) VALUES ('118fac06-f754-4c36-bf92-7213a1a08c56') ON CONFLICT DO NOTHING;
INSERT INTO auth_user_role_comp (id) VALUES ('abaa2891-f244-4a69-93f7-99e731aff9da') ON CONFLICT DO NOTHING;
INSERT INTO auth_user_role_comp (id) VALUES ('2323a52a-c0e1-4032-b442-7a16416f6029') ON CONFLICT DO NOTHING;
INSERT INTO auth_user_role_comp (id) VALUES ('1f918317-7787-4259-99bb-07816bb42c2e') ON CONFLICT DO NOTHING;
INSERT INTO auth_user_role_comp (id) VALUES ('3fe16d25-12e6-43db-97dd-ea534e7184e8') ON CONFLICT DO NOTHING;
INSERT INTO auth_user_role_comp (id) VALUES ('468d7175-1028-4d11-8074-17ecb4536709') ON CONFLICT DO NOTHING;
INSERT INTO auth_user_role_comp (id) VALUES ('91c3ad37-6fd9-4f08-8320-995b58b15dd6') ON CONFLICT DO NOTHING;
INSERT INTO auth_user_role_comp (id) VALUES ('0a195b38-1ec8-4be6-9d24-5fa9c279fc58') ON CONFLICT DO NOTHING;
INSERT INTO auth_user_role_comp (id) VALUES ('8503a506-4885-4a35-8578-fcbfbf137442') ON CONFLICT DO NOTHING;
INSERT INTO auth_user_role_comp (id) VALUES ('763c92bb-b45e-41a8-a8ec-fc3e2fc80d76') ON CONFLICT DO NOTHING;

INSERT INTO auth_user_role_impl (id,authRole,authUser) VALUES ('e4d7da71-960b-4779-8f73-7202aff6105f','cbf05ba1-3e06-4f68-8aa2-1d3ef1533150','112f8df3-537c-4905-9427-ba859b0109e4') ON CONFLICT DO NOTHING;
INSERT INTO auth_user_role_impl (id,authRole,authUser) VALUES ('5edc3f60-92d2-4722-8534-57ec388da23a','cbf05ba1-3e06-4f68-8aa2-1d3ef1533150','48d116e9-a32c-481a-b243-02d78813373c') ON CONFLICT DO NOTHING;
INSERT INTO auth_user_role_impl (id,authRole,authUser) VALUES ('925fe0be-78e7-471e-8fd6-9fa129e2555b','cbf05ba1-3e06-4f68-8aa2-1d3ef1533150','85eef0ed-74c0-4e87-b1b7-32416c0e3f26') ON CONFLICT DO NOTHING;
INSERT INTO auth_user_role_impl (id,authRole,authUser) VALUES ('4b9a6e71-14fb-49de-91db-92f3ba776d6c','cbf05ba1-3e06-4f68-8aa2-1d3ef1533150','6c65247d-99c8-4066-91e5-6eb3b3e75018') ON CONFLICT DO NOTHING;
INSERT INTO auth_user_role_impl (id,authRole,authUser) VALUES ('7942319f-57c9-4f07-a897-a14f06897734','cbf05ba1-3e06-4f68-8aa2-1d3ef1533150','828f6f2c-38bc-4e30-8743-bce207f79b28') ON CONFLICT DO NOTHING;
INSERT INTO auth_user_role_impl (id,authRole,authUser) VALUES ('baeea95e-549a-4148-b7cf-27748b9cacfb','75f6727e-66f8-484f-b77f-83eeec82cd10','2a0859e2-e73f-4ebe-85c0-6a39d231bbbb') ON CONFLICT DO NOTHING;
INSERT INTO auth_user_role_impl (id,authRole,authUser) VALUES ('ff00b0b0-9251-4c17-aa3a-3f465dbd4c55','cbf05ba1-3e06-4f68-8aa2-1d3ef1533150','87bf5ecb-155e-4fe5-88f4-4eac48549c63') ON CONFLICT DO NOTHING;
INSERT INTO auth_user_role_impl (id,authRole,authUser) VALUES ('5a69e6a5-80c3-4242-b0a0-400dee961868','cbf05ba1-3e06-4f68-8aa2-1d3ef1533150','eb71e1a1-36d1-49da-b514-ffa852281483') ON CONFLICT DO NOTHING;
INSERT INTO auth_user_role_impl (id,authRole,authUser) VALUES ('118fac06-f754-4c36-bf92-7213a1a08c56','75f6727e-66f8-484f-b77f-83eeec82cd10','b097505f-be60-414b-83a8-cf4f44bc30ed') ON CONFLICT DO NOTHING;
INSERT INTO auth_user_role_impl (id,authRole,authUser) VALUES ('abaa2891-f244-4a69-93f7-99e731aff9da','cbf05ba1-3e06-4f68-8aa2-1d3ef1533150','998546ca-8185-4460-b38d-8d9b63199b9d') ON CONFLICT DO NOTHING;
INSERT INTO auth_user_role_impl (id,authRole,authUser) VALUES ('2323a52a-c0e1-4032-b442-7a16416f6029','34b4fdcb-fb33-4f44-b48f-b1c135395def','5d03a1cb-b52b-4462-aab8-de7ba2114cb3') ON CONFLICT DO NOTHING;
INSERT INTO auth_user_role_impl (id,authRole,authUser) VALUES ('1f918317-7787-4259-99bb-07816bb42c2e','a5e403e9-18a5-4079-8fc6-38613ae86080','ca798ff5-0ed1-4f0a-a3aa-602c38112548') ON CONFLICT DO NOTHING;
INSERT INTO auth_user_role_impl (id,authRole,authUser) VALUES ('3fe16d25-12e6-43db-97dd-ea534e7184e8','98272338-2822-420d-8c06-cff0d411d776','9d45f57d-5fea-44cb-bae7-b607e29b87f3') ON CONFLICT DO NOTHING;
INSERT INTO auth_user_role_impl (id,authRole,authUser) VALUES ('468d7175-1028-4d11-8074-17ecb4536709','6723f08f-fa65-457a-9734-68d70cce58eb','dea9ff33-6dd2-4c0a-b113-a90ee32a01ca') ON CONFLICT DO NOTHING;
INSERT INTO auth_user_role_impl (id,authRole,authUser) VALUES ('91c3ad37-6fd9-4f08-8320-995b58b15dd6','d41c0e7f-8823-4bfb-a03b-c4b981b50c68','3e1a7a61-4cc4-4d29-bb98-4c129f46d983') ON CONFLICT DO NOTHING;
INSERT INTO auth_user_role_impl (id,authRole,authUser) VALUES ('0a195b38-1ec8-4be6-9d24-5fa9c279fc58','79e8455b-4e59-4f32-83ee-4782e52e3b55','f8a79c6a-d9ef-44f8-b327-2d223c2c32da') ON CONFLICT DO NOTHING;
INSERT INTO auth_user_role_impl (id,authRole,authUser) VALUES ('8503a506-4885-4a35-8578-fcbfbf137442','b5c6b12c-53c2-4901-a382-1b78d8f8a4f7','d52b3d7c-c153-487f-88e6-6da85b1dcb76') ON CONFLICT DO NOTHING;
INSERT INTO auth_user_role_impl (id,authRole,authUser) VALUES ('763c92bb-b45e-41a8-a8ec-fc3e2fc80d76','21d18c7d-64c7-47ee-878f-376967db1b8b','2b7b2f6e-77d7-45b7-a965-2b1715d75cc8') ON CONFLICT DO NOTHING;